0,0,0,0,0.25371,1.3922,0.27256,0
1,0.0047951,1,2,0.25364,1.3925,0.2719,0
2,0.0095901,1,2,0.25355,1.3928,0.27128,0
3,0.014385,1,2,0.25344,1.3931,0.27078,0
4,0.01918,1,2,0.25331,1.3934,0.27041,0
5,0.023975,1,2,0.25314,1.3937,0.27021,0
6,0.02877,1,2,0.25294,1.3939,0.27018,0
7,0.033565,1,2,0.25272,1.3942,0.27034,0
8,0.03836,1,2,0.25247,1.3944,0.2707,0
9,0.043155,1,2,0.25219,1.3945,0.27126,0
10,0.04795,1,2,0.25189,1.3946,0.27202,0
11,0.052745,1,2,0.25156,1.3946,0.27295,0
12,0.05754,1,2,0.25122,1.3945,0.27404,0
13,0.062334,1,2,0.25086,1.3943,0.27523,0
14,0.067129,1,2,0.25052,1.3941,0.27646,0
15,0.071924,1,2,0.25019,1.3938,0.27766,0
16,0.076719,1,2,0.2499,1.3934,0.27877,0
17,0.081514,1,2,0.24967,1.3929,0.27972,0
18,0.086309,1,2,0.2495,1.3923,0.28045,0
19,0.091103,1,2,0.24942,1.3917,0.28093,0
20,0.095898,1,2,0.24942,1.3911,0.28114,0
21,0.10069,1,2,0.24951,1.3905,0.28107,0
22,0.10549,1,2,0.24967,1.3899,0.28073,0
23,0.11028,1,2,0.24989,1.3893,0.28016,0
24,0.11508,1,2,0.25014,1.3888,0.2794,0
25,0.11987,1,2,0.25041,1.3884,0.2785,0
26,0.12467,1,2,0.25068,1.388,0.2775,0
27,0.12946,1,2,0.25092,1.3877,0.27647,0
28,0.13426,1,2,0.25114,1.3874,0.27544,0
29,0.13905,1,2,0.25134,1.3873,0.27446,0
30,0.14385,1,2,0.25153,1.3872,0.27354,0
31,0.14864,1,2,0.25172,1.3872,0.27268,0
32,0.15344,1,2,0.25195,1.3873,0.27186,0
33,0.15823,1,2,0.25221,1.3874,0.27108,0
34,0.16303,1,2,0.25253,1.3876,0.2703,0
35,0.16782,1,2,0.25289,1.3878,0.26953,0
36,0.17261,1,2,0.25328,1.3881,0.26876,0
37,0.17741,1,2,0.25367,1.3884,0.26801,0
38,0.1822,1,2,0.25404,1.3887,0.2673,0
39,0.187,1,2,0.25436,1.389,0.26664,0
40,0.19179,1,2,0.25461,1.3894,0.26605,0
41,0.19659,1,2,0.25478,1.3897,0.26554,0
42,0.20138,1,2,0.25486,1.39,0.26512,0
43,0.20618,1,2,0.25486,1.3904,0.26478,0
44,0.21097,1,2,0.25479,1.3907,0.26454,0
45,0.21577,1,2,0.25469,1.3911,0.26439,0
46,0.22056,1,2,0.25456,1.3914,0.26436,0
47,0.22536,1,2,0.25443,1.3918,0.26446,0
48,0.23015,1,2,0.25433,1.3921,0.2647,0
49,0.23495,1,2,0.25427,1.3924,0.26508,0
50,0.23974,1,2,0.25425,1.3927,0.2656,0
51,0.24454,1,2,0.25427,1.393,0.26624,0
52,0.24933,1,2,0.25433,1.3932,0.26699,0
53,0.25413,1,2,0.25441,1.3933,0.26782,0
54,0.25892,1,2,0.2545,1.3934,0.26868,0
55,0.26372,1,2,0.25458,1.3934,0.26954,0
56,0.26851,1,2,0.25463,1.3933,0.27038,0
57,0.27331,1,2,0.25464,1.3931,0.27114,0
58,0.2781,1,2,0.25459,1.3928,0.27181,0
59,0.28289,1,2,0.2545,1.3925,0.27238,0
60,0.28769,1,2,0.25435,1.3922,0.27283,0
61,0.29248,1,2,0.25417,1.3918,0.27317,0
62,0.29728,1,2,0.25397,1.3914,0.27342,0
63,0.30207,1,2,0.25376,1.391,0.27357,0
64,0.30687,1,2,0.25357,1.3907,0.27366,0
65,0.31166,1,2,0.2534,1.3903,0.27369,0
66,0.31646,1,2,0.25329,1.39,0.27367,0
67,0.32125,1,2,0.25322,1.3898,0.27363,0
68,0.32605,1,2,0.2532,1.3895,0.27357,0
69,0.33084,1,2,0.25323,1.3893,0.27348,0
70,0.33563,1,2,0.25329,1.3891,0.27335,0
71,0.34043,1,2,0.25337,1.3889,0.27317,0
72,0.34522,1,2,0.25347,1.3887,0.27293,0
73,0.35002,1,2,0.25358,1.3886,0.27264,0
74,0.35481,1,2,0.25368,1.3885,0.27229,0
75,0.35961,1,2,0.25378,1.3884,0.2719,0
76,0.3644,1,2,0.25386,1.3884,0.2715,0
77,0.3692,1,2,0.25392,1.3884,0.27112,0
78,0.37399,1,2,0.25396,1.3885,0.27082,0
79,0.37879,1,2,0.25397,1.3887,0.27066,0
80,0.38358,1,2,0.25396,1.389,0.27069,0
81,0.38837,1,2,0.25392,1.3894,0.27096,0
82,0.39317,1,2,0.25387,1.3898,0.27152,0
83,0.39796,1,2,0.25381,1.3903,0.27239,0
84,0.40276,1,2,0.25374,1.3908,0.27357,0
85,0.40755,1,2,0.25368,1.3914,0.27505,0
86,0.41235,1,2,0.25363,1.3919,0.27679,0
87,0.41714,1,2,0.25358,1.3924,0.27871,0
88,0.42193,1,2,0.25354,1.3927,0.28075,0
89,0.42673,1,2,0.25349,1.393,0.2828,0
90,0.43152,1,2,0.25343,1.3931,0.28478,0
91,0.43632,1,2,0.25336,1.393,0.28658,0
92,0.44111,1,2,0.25325,1.3928,0.28813,0
93,0.44591,1,2,0.25311,1.3924,0.28935,0
94,0.4507,1,2,0.25293,1.3919,0.29021,0
95,0.45549,1,2,0.25272,1.3912,0.29065,0
96,0.46029,1,2,0.25248,1.3905,0.2907,0
97,0.46508,1,2,0.25222,1.3897,0.29037,0
98,0.46988,1,2,0.25196,1.3889,0.28969,0
99,0.47467,1,2,0.2517,1.3881,0.28872,0
100,0.47946,1,2,0.25145,1.3874,0.28753,0
101,0.48426,1,2,0.25122,1.3868,0.28615,0
102,0.48905,1,2,0.25103,1.3863,0.28465,0
103,0.49385,1,2,0.25087,1.3859,0.28307,0
104,0.49864,1,2,0.25076,1.3856,0.28145,0
105,0.50343,1,2,0.25069,1.3855,0.27982,0
106,0.50823,1,2,0.25067,1.3855,0.27821,0
107,0.51302,1,2,0.25071,1.3856,0.27663,0
108,0.51782,1,2,0.25079,1.3857,0.2751,0
109,0.52261,1,2,0.25093,1.386,0.27364,0
110,0.5274,1,2,0.2511,1.3862,0.27227,0
111,0.5322,1,2,0.25131,1.3865,0.27103,0
112,0.53699,1,2,0.25153,1.3868,0.26993,0
113,0.54179,1,2,0.25176,1.387,0.26901,0
114,0.54658,1,2,0.25197,1.3873,0.26829,0
115,0.55137,1,2,0.25216,1.3876,0.26778,0
116,0.55617,1,2,0.25231,1.3878,0.26752,0
117,0.56096,1,2,0.25242,1.3881,0.26753,0
118,0.56576,1,2,0.25249,1.3884,0.26786,0
119,0.57055,1,2,0.25251,1.3886,0.26855,0
120,0.57534,1,2,0.2525,1.3889,0.26961,0
121,0.58014,1,2,0.25245,1.3893,0.2711,0
122,0.58493,1,2,0.25239,1.3896,0.27301,0
123,0.58973,1,2,0.2523,1.39,0.27537,0
124,0.59452,1,2,0.25222,1.3904,0.27816,0
125,0.59931,1,2,0.25213,1.3907,0.28136,0
126,0.60411,1,2,0.25204,1.3911,0.28493,0
127,0.6089,1,2,0.25195,1.3915,0.28881,0
128,0.61369,1,2,0.25187,1.3917,0.29295,0
129,0.61849,1,2,0.25177,1.392,0.29725,0
130,0.62328,1,2,0.25167,1.3921,0.3016,0
131,0.62808,1,2,0.25156,1.3921,0.3059,0
132,0.63287,1,2,0.25143,1.392,0.31,0
133,0.63766,1,2,0.25129,1.3917,0.31378,0
134,0.64246,1,2,0.25115,1.3912,0.31709,0
135,0.64725,1,2,0.25102,1.3905,0.31978,0
136,0.65204,1,2,0.25089,1.3897,0.32172,0
137,0.65684,1,2,0.25079,1.3886,0.32279,0
138,0.66163,1,2,0.25073,1.3874,0.32287,0
139,0.66643,1,2,0.2507,1.386,0.32188,0
140,0.67122,1,2,0.25071,1.3844,0.31976,0
141,0.67601,1,2,0.25076,1.3828,0.3165,0
142,0.68081,1,2,0.25086,1.3811,0.31213,0
143,0.6856,1,2,0.251,1.3795,0.30672,0
144,0.69039,1,2,0.25118,1.378,0.30037,0
145,0.69519,1,2,0.25141,1.3768,0.29326,0
146,0.69998,1,2,0.25167,1.3758,0.28558,0
147,0.70477,1,2,0.25197,1.3752,0.27758,0
148,0.70957,1,2,0.25231,1.375,0.26951,0
149,0.71436,1,2,0.25267,1.3752,0.26164,0
150,0.71916,1,2,0.25305,1.3759,0.25425,0
151,0.72395,1,2,0.25345,1.3771,0.24759,0
152,0.72874,1,2,0.25385,1.3788,0.24191,0
153,0.73354,1,2,0.25426,1.3808,0.23742,0
154,0.73833,1,2,0.25466,1.3833,0.23431,0
155,0.74312,1,2,0.25506,1.3859,0.23272,0
156,0.74792,1,2,0.25546,1.3888,0.23272,0
157,0.75271,1,2,0.25584,1.3918,0.23437,0
158,0.7575,1,2,0.25621,1.3948,0.23763,0
159,0.7623,1,2,0.25654,1.3976,0.24244,0
160,0.76709,1,2,0.25683,1.4003,0.24865,0
161,0.77189,1,2,0.25705,1.4026,0.2561,0
162,0.77668,1,2,0.25716,1.4046,0.26452,0
163,0.78147,1,2,0.25716,1.406,0.27366,0
164,0.78627,1,2,0.25701,1.407,0.2832,0
165,0.79106,1,2,0.2567,1.4075,0.29283,0
166,0.79585,1,2,0.25624,1.4073,0.3022,0
167,0.80065,1,2,0.25564,1.4067,0.311,0
168,0.80544,1,2,0.25493,1.4055,0.3189,0
169,0.81023,1,2,0.25412,1.4038,0.3256,0
170,0.81503,1,2,0.25327,1.4017,0.33082,0
171,0.81982,1,2,0.25242,1.3992,0.33437,0
172,0.82462,1,2,0.2516,1.3964,0.33609,0
173,0.82941,1,2,0.25086,1.3933,0.33591,0
174,0.8342,1,2,0.25023,1.3901,0.33381,0
175,0.839,1,2,0.24975,1.3869,0.32985,0
176,0.84379,1,2,0.24944,1.3838,0.32415,0
177,0.84858,1,2,0.24932,1.3809,0.31694,0
178,0.85338,1,2,0.24939,1.3783,0.30851,0
179,0.85817,1,2,0.24969,1.3763,0.29921,0
180,0.86297,1,2,0.25019,1.3747,0.28945,0
181,0.86776,1,2,0.2509,1.3739,0.27963,0
182,0.87255,1,2,0.25179,1.3737,0.27018,0
183,0.87735,1,2,0.25284,1.3742,0.26148,0
184,0.88214,1,2,0.254,1.3754,0.25391,0
185,0.88694,1,2,0.25521,1.3772,0.24779,0
186,0.89173,1,2,0.25641,1.3796,0.24341,0
187,0.89652,1,2,0.25753,1.3824,0.24093,0
188,0.90132,1,2,0.25851,1.3856,0.24047,0
189,0.90611,1,2,0.25926,1.389,0.24202,0
190,0.9109,1,2,0.25976,1.3925,0.24551,0
191,0.9157,1,2,0.25996,1.3958,0.25072,0
192,0.92049,1,2,0.25986,1.3989,0.25739,0
193,0.92529,1,2,0.25947,1.4016,0.26514,0
194,0.93008,1,2,0.25884,1.4038,0.2736,0
195,0.93487,1,2,0.25801,1.4054,0.28233,0
196,0.93967,1,2,0.25705,1.4064,0.29092,0
197,0.94446,1,2,0.25603,1.4067,0.29896,0
198,0.94926,1,2,0.255,1.4063,0.3061,0
199,0.95405,1,2,0.25402,1.4054,0.31201,0
200,0.95884,1,2,0.25315,1.4038,0.31644,0
201,0.96364,1,2,0.25242,1.4018,0.31922,0
202,0.96843,1,2,0.25186,1.3994,0.32028,0
203,0.97323,1,2,0.25148,1.3968,0.31963,0
204,0.97802,1,2,0.25127,1.3942,0.31739,0
205,0.98281,1,2,0.25122,1.3916,0.31376,0
206,0.98761,1,2,0.25132,1.3892,0.309,0
207,0.9924,1,2,0.25153,1.3871,0.30343,0
208,0.9972,1,2,0.25184,1.3854,0.29741,0
209,1.002,1,2,0.2522,1.3842,0.2913,0
210,1.0068,1,2,0.25259,1.3835,0.28546,0
211,1.0116,1,2,0.25296,1.3833,0.28021,0
212,1.0164,1,2,0.25329,1.3837,0.27584,0
213,1.0212,1,2,0.25354,1.3845,0.27255,0
214,1.026,1,2,0.25369,1.3857,0.27051,0
215,1.0308,1,2,0.25371,1.3872,0.26979,0
216,1.0355,1,2,0.25361,1.3889,0.27039,0
217,1.0403,1,2,0.25337,1.3907,0.27228,0
218,1.0451,1,2,0.25301,1.3925,0.27531,0
219,1.0499,1,2,0.25253,1.3941,0.2793,0
220,1.0547,1,2,0.25197,1.3954,0.284,0
221,1.0595,1,2,0.25135,1.3963,0.2891,0
222,1.0643,1,2,0.2507,1.3967,0.29428,0
223,1.0691,1,2,0.25007,1.3965,0.29918,0
224,1.0739,1,2,0.24949,1.3958,0.30348,0
225,1.0787,1,2,0.249,1.3945,0.30685,0
226,1.0835,1,2,0.24864,1.3926,0.30903,0
227,1.0883,1,2,0.24842,1.3902,0.3098,0
228,1.0931,1,2,0.24837,1.3874,0.30904,0
229,1.0979,1,2,0.2485,1.3844,0.30674,0
230,1.1027,1,2,0.24879,1.3814,0.30297,0
231,1.1075,1,2,0.24923,1.3784,0.29789,0
232,1.1123,1,2,0.2498,1.3757,0.29178,0
233,1.1171,1,2,0.25047,1.3735,0.28494,0
234,1.1218,1,2,0.25121,1.3719,0.27774,0
235,1.1266,1,2,0.25199,1.3709,0.27058,0
236,1.1314,1,2,0.25279,1.3708,0.26381,0
237,1.1362,1,2,0.25359,1.3714,0.25779,0
238,1.141,1,2,0.25437,1.3729,0.25282,0
239,1.1458,1,2,0.25512,1.375,0.24914,0
240,1.1506,1,2,0.25582,1.3778,0.24693,0
241,1.1554,1,2,0.25646,1.381,0.2463,0
242,1.1602,1,2,0.257,1.3845,0.24724,0
243,1.165,1,2,0.25743,1.3881,0.24965,0
244,1.1698,1,2,0.25772,1.3915,0.25334,0
245,1.1746,1,2,0.25785,1.3945,0.25804,0
246,1.1794,1,2,0.2578,1.3971,0.26344,0
247,1.1842,1,2,0.25758,1.399,0.26919,0
248,1.189,1,2,0.25719,1.4003,0.27493,0
249,1.1938,1,2,0.25664,1.4008,0.28033,0
250,1.1985,1,2,0.25597,1.4006,0.28509,0
251,1.2033,1,2,0.25522,1.3996,0.28897,0
252,1.2081,1,2,0.25442,1.3981,0.29181,0
253,1.2129,1,2,0.25361,1.396,0.2935,0
254,1.2177,1,2,0.25284,1.3936,0.29401,0
255,1.2225,1,2,0.25213,1.3909,0.29339,0
256,1.2273,1,2,0.25153,1.3882,0.29172,0
257,1.2321,1,2,0.25104,1.3855,0.28915,0
258,1.2369,1,2,0.2507,1.3831,0.28587,0
259,1.2417,1,2,0.2505,1.3811,0.2821,0
260,1.2465,1,2,0.25046,1.3794,0.27807,0
261,1.2513,1,2,0.25056,1.3783,0.274,0
262,1.2561,1,2,0.25081,1.3777,0.27012,0
263,1.2609,1,2,0.25119,1.3776,0.26665,0
264,1.2657,1,2,0.2517,1.3781,0.26379,0
265,1.2705,1,2,0.25231,1.379,0.26172,0
266,1.2753,1,2,0.253,1.3802,0.26055,0
267,1.28,1,2,0.25374,1.3818,0.26036,0
268,1.2848,1,2,0.2545,1.3836,0.26116,0
269,1.2896,1,2,0.25524,1.3855,0.26289,0
270,1.2944,1,2,0.25593,1.3874,0.26548,0
271,1.2992,1,2,0.25652,1.3892,0.26877,0
272,1.304,1,2,0.25699,1.3909,0.27261,0
273,1.3088,1,2,0.25732,1.3923,0.27679,0
274,1.3136,1,2,0.2575,1.3934,0.28111,0
275,1.3184,1,2,0.25752,1.3942,0.28535,0
276,1.3232,1,2,0.2574,1.3945,0.28931,0
277,1.328,1,2,0.25714,1.3945,0.29282,0
278,1.3328,1,2,0.25677,1.394,0.29569,0
279,1.3376,1,2,0.2563,1.3932,0.29779,0
280,1.3424,1,2,0.25578,1.392,0.29898,0
281,1.3472,1,2,0.25523,1.3906,0.29917,0
282,1.352,1,2,0.25468,1.3891,0.29829,0
283,1.3568,1,2,0.25416,1.3874,0.29634,0
284,1.3615,1,2,0.25371,1.3858,0.2934,0
285,1.3663,1,2,0.25336,1.3843,0.2896,0
286,1.3711,1,2,0.25311,1.3831,0.28512,0
287,1.3759,1,2,0.253,1.3821,0.28015,0
288,1.3807,1,2,0.25302,1.3816,0.27493,0
289,1.3855,1,2,0.25318,1.3814,0.26969,0
290,1.3903,1,2,0.25348,1.3816,0.26468,0
291,1.3951,1,2,0.2539,1.3822,0.26013,0
292,1.3999,1,2,0.25444,1.3832,0.25625,0
293,1.4047,1,2,0.25508,1.3845,0.25322,0
294,1.4095,1,2,0.25578,1.3861,0.25118,0
295,1.4143,1,2,0.25653,1.3879,0.25025,0
296,1.4191,1,2,0.25728,1.3898,0.25052,0
297,1.4239,1,2,0.25799,1.3917,0.25203,0
298,1.4287,1,2,0.25859,1.3935,0.25475,0
299,1.4335,1,2,0.25904,1.3952,0.2586,0
300,1.4383,1,2,0.2593,1.3967,0.26346,0
301,1.443,1,2,0.25931,1.3979,0.26919,0
302,1.4478,1,2,0.25906,1.3988,0.27559,0
303,1.4526,1,2,0.25853,1.3994,0.28247,0
304,1.4574,1,2,0.25776,1.3997,0.28956,0
305,1.4622,1,2,0.25676,1.3996,0.2966,0
306,1.467,1,2,0.2556,1.3992,0.3033,0
307,1.4718,1,2,0.25433,1.3986,0.30941,0
308,1.4766,1,2,0.25301,1.3976,0.3147,0
309,1.4814,1,2,0.25172,1.3964,0.31903,0
310,1.4862,1,2,0.25051,1.3949,0.32223,0
311,1.491,1,2,0.24942,1.3931,0.32419,0
312,1.4958,1,2,0.24851,1.3912,0.32483,0
313,1.5006,1,2,0.2478,1.3891,0.32412,0
314,1.5054,1,2,0.24731,1.3869,0.3221,0
315,1.5102,1,2,0.24706,1.3847,0.31883,0
316,1.515,1,2,0.24704,1.3824,0.3144,0
317,1.5198,1,2,0.24727,1.3803,0.30895,0
318,1.5245,1,2,0.24774,1.3784,0.30262,0
319,1.5293,1,2,0.24843,1.3767,0.2956,0
320,1.5341,1,2,0.24932,1.3752,0.28812,0
321,1.5389,1,2,0.25036,1.3741,0.28041,0
322,1.5437,1,2,0.25152,1.3734,0.27274,0
323,1.5485,1,2,0.25272,1.3731,0.26535,0
324,1.5533,1,2,0.2539,1.3732,0.25847,0
325,1.5581,1,2,0.25499,1.3738,0.2523,0
326,1.5629,1,2,0.25592,1.3747,0.247,0
327,1.5677,1,2,0.25667,1.376,0.24266,0
328,1.5725,1,2,0.25719,1.3777,0.23934,0
329,1.5773,1,2,0.25747,1.3796,0.23706,0
330,1.5821,1,2,0.25753,1.3818,0.23587,0
331,1.5869,1,2,0.2574,1.3841,0.23579,0
332,1.5917,1,2,0.2571,1.3865,0.23684,0
333,1.5965,1,2,0.25669,1.3889,0.23902,0
334,1.6013,1,2,0.25621,1.3913,0.24229,0
335,1.6061,1,2,0.25572,1.3936,0.2466,0
336,1.6108,1,2,0.25525,1.3957,0.25184,0
337,1.6156,1,2,0.25485,1.3976,0.2579,0
338,1.6204,1,2,0.25455,1.3993,0.26465,0
339,1.6252,1,2,0.25436,1.4006,0.27195,0
340,1.63,1,2,0.25428,1.4016,0.2796,0
341,1.6348,1,2,0.25431,1.4022,0.28742,0
342,1.6396,1,2,0.25444,1.4024,0.29522,0
343,1.6444,1,2,0.25462,1.4022,0.3028,0
344,1.6492,1,2,0.25484,1.4017,0.31,0
345,1.654,1,2,0.25506,1.4007,0.31664,0
346,1.6588,1,2,0.25524,1.3993,0.32256,0
347,1.6636,1,2,0.25534,1.3977,0.32759,0
348,1.6684,1,2,0.25534,1.3957,0.33156,0
349,1.6732,1,2,0.25523,1.3936,0.33433,0
350,1.678,1,2,0.25499,1.3913,0.33577,0
351,1.6828,1,2,0.25462,1.3889,0.33581,0
352,1.6876,1,2,0.25416,1.3864,0.33438,0
353,1.6923,1,2,0.25361,1.384,0.33147,0
354,1.6971,1,2,0.25301,1.3817,0.32711,0
355,1.7019,1,2,0.2524,1.3796,0.32136,0
356,1.7067,1,2,0.25182,1.3777,0.31435,0
357,1.7115,1,2,0.25132,1.3761,0.30628,0
358,1.7163,1,2,0.25093,1.3749,0.29737,0
359,1.7211,1,2,0.25069,1.374,0.2879,0
360,1.7259,1,2,0.25062,1.3736,0.27817,0
361,1.7307,1,2,0.25074,1.3737,0.2685,0
362,1.7355,1,2,0.25106,1.3742,0.25919,0
363,1.7403,1,2,0.25156,1.3753,0.25057,0
364,1.7451,1,2,0.25221,1.3768,0.24294,0
365,1.7499,1,2,0.25299,1.3787,0.23657,0
366,1.7547,1,2,0.25384,1.3811,0.23167,0
367,1.7595,1,2,0.2547,1.3837,0.2284,0
368,1.7643,1,2,0.25553,1.3864,0.22684,0
369,1.7691,1,2,0.25626,1.3893,0.22699,0
370,1.7739,1,2,0.25685,1.3922,0.22876,0
371,1.7786,1,2,0.25724,1.3949,0.23198,0
372,1.7834,1,2,0.25743,1.3974,0.23643,0
373,1.7882,1,2,0.25739,1.3996,0.24184,0
374,1.793,1,2,0.25715,1.4014,0.24794,0
375,1.7978,1,2,0.25674,1.4029,0.25449,0
376,1.8026,1,2,0.2562,1.4039,0.26128,0
377,1.8074,1,2,0.25559,1.4045,0.26813,0
378,1.8122,1,2,0.25498,1.4048,0.2749,0
379,1.817,1,2,0.25442,1.4047,0.28145,0
380,1.8218,1,2,0.25397,1.4044,0.28767,0
381,1.8266,1,2,0.25366,1.4039,0.29347,0
382,1.8314,1,2,0.25354,1.4032,0.29879,0
383,1.8362,1,2,0.2536,1.4025,0.30355,0
384,1.841,1,2,0.25387,1.4017,0.3077,0
385,1.8458,1,2,0.25431,1.4008,0.31117,0
386,1.8506,1,2,0.25492,1.3999,0.3139,0
387,1.8554,1,2,0.25563,1.3989,0.31586,0
388,1.8601,1,2,0.2564,1.3979,0.31699,0
389,1.8649,1,2,0.25715,1.3968,0.31727,0
390,1.8697,1,2,0.25782,1.3956,0.31665,0
391,1.8745,1,2,0.25833,1.3943,0.31512,0
392,1.8793,1,2,0.25863,1.3928,0.31266,0
393,1.8841,1,2,0.25867,1.3913,0.30931,0
394,1.8889,1,2,0.25843,1.3897,0.30511,0
395,1.8937,1,2,0.25793,1.3881,0.30009,0
396,1.8985,1,2,0.25718,1.3866,0.29428,0
397,1.9033,1,2,0.25625,1.3852,0.28776,0
398,1.9081,1,2,0.25518,1.384,0.28063,0
399,1.9129,1,2,0.25407,1.383,0.2731,0
400,1.9177,1,2,0.25298,1.3823,0.26541,0
401,1.9225,1,2,0.25199,1.3819,0.25783,0
402,1.9273,1,2,0.25116,1.3818,0.25059,0
403,1.9321,1,2,0.25054,1.3821,0.24391,0
404,1.9369,1,2,0.25016,1.3828,0.23801,0
405,1.9416,1,2,0.25004,1.3838,0.23308,0
406,1.9464,1,2,0.2502,1.3852,0.22929,0
407,1.9512,1,2,0.25062,1.3869,0.22679,0
408,1.956,1,2,0.25127,1.3889,0.22565,0
409,1.9608,1,2,0.25213,1.391,0.2259,0
410,1.9656,1,2,0.25313,1.3933,0.22753,0
411,1.9704,1,2,0.25421,1.3956,0.23048,0
412,1.9752,1,2,0.2553,1.3978,0.23465,0
413,1.98,1,2,0.25633,1.4,0.2399,0
414,1.9848,1,2,0.25721,1.4018,0.24604,0
415,1.9896,1,2,0.25788,1.4033,0.25284,0
416,1.9944,1,2,0.2583,1.4044,0.26002,0
417,1.9992,1,2,0.25842,1.4051,0.2673,0
418,2.004,1,2,0.25826,1.4053,0.27437,0
419,2.0088,1,2,0.25784,1.405,0.28095,0
420,2.0136,1,2,0.25722,1.4043,0.28679,0
421,2.0183,1,2,0.25646,1.4032,0.29174,0
422,2.0231,1,2,0.25565,1.4017,0.29567,0
423,2.0279,1,2,0.25487,1.3999,0.29855,0
424,2.0327,1,2,0.25419,1.398,0.30035,0
425,2.0375,1,2,0.25369,1.3961,0.30111,0
426,2.0423,1,2,0.25345,1.3943,0.30161,0
427,2.0471,1,2,0.25345,1.3926,0.30133,0
428,2.0519,1,2,0.25367,1.391,0.30032,0
429,2.0567,1,2,0.25411,1.3896,0.2987,0
430,2.0615,1,2,0.25473,1.3883,0.29662,0
431,2.0663,1,2,0.25549,1.3872,0.29425,0
432,2.0711,1,2,0.25633,1.3863,0.29178,0
433,2.0759,1,2,0.25718,1.3856,0.28933,0
434,2.0807,1,2,0.25797,1.3851,0.287,0
435,2.0855,1,2,0.25864,1.3846,0.28485,0
436,2.0903,1,2,0.25914,1.3842,0.2829,0
437,2.0951,1,2,0.25941,1.3839,0.28114,0
438,2.0998,1,2,0.25942,1.3835,0.27957,0
439,2.1046,1,2,0.25918,1.3832,0.27812,0
440,2.1094,1,2,0.25867,1.3829,0.27671,0
441,2.1142,1,2,0.25792,1.3825,0.27529,0
442,2.119,1,2,0.25697,1.3823,0.2738,0
443,2.1238,1,2,0.25586,1.382,0.27225,0
444,2.1286,1,2,0.25467,1.3819,0.27068,0
445,2.1334,1,2,0.25346,1.3819,0.26916,0
446,2.1382,1,2,0.25231,1.382,0.26775,0
447,2.143,1,2,0.2513,1.3824,0.2665,0
448,2.1478,1,2,0.25048,1.3829,0.26547,0
449,2.1526,1,2,0.24991,1.3835,0.26469,0
450,2.1574,1,2,0.24962,1.3844,0.26421,0
451,2.1622,1,2,0.24963,1.3853,0.26406,0
452,2.167,1,2,0.24991,1.3864,0.26424,0
453,2.1718,1,2,0.25044,1.3875,0.26477,0
454,2.1765,1,2,0.25118,1.3886,0.26564,0
455,2.1813,1,2,0.25205,1.3896,0.26683,0
456,2.1861,1,2,0.25299,1.3906,0.26831,0
457,2.1909,1,2,0.25393,1.3915,0.27006,0
458,2.1957,1,2,0.25479,1.3923,0.27206,0
459,2.2005,1,2,0.25552,1.393,0.27429,0
460,2.2053,1,2,0.25607,1.3936,0.27671,0
461,2.2101,1,2,0.25642,1.394,0.27928,0
462,2.2149,1,2,0.25655,1.3943,0.28193,0
463,2.2197,1,2,0.25649,1.3944,0.28457,0
464,2.2245,1,2,0.25625,1.3944,0.28708,0
465,2.2293,1,2,0.25589,1.3942,0.28933,0
466,2.2341,1,2,0.25543,1.3939,0.2912,0
467,2.2389,1,2,0.25493,1.3934,0.29259,0
468,2.2437,1,2,0.25445,1.3928,0.29341,0
469,2.2485,1,2,0.25401,1.392,0.29362,0
470,2.2532,1,2,0.25366,1.3912,0.29324,0
471,2.258,1,2,0.25345,1.3903,0.29232,0
472,2.2628,1,2,0.25338,1.3894,0.29095,0
473,2.2676,1,2,0.25347,1.3886,0.28925,0
474,2.2724,1,2,0.25372,1.3879,0.28736,0
475,2.2772,1,2,0.25411,1.3873,0.28542,0
476,2.282,1,2,0.25463,1.3869,0.28355,0
477,2.2868,1,2,0.25522,1.3867,0.28183,0
478,2.2916,1,2,0.25585,1.3866,0.28033,0
479,2.2964,1,2,0.25646,1.3867,0.27905,0
480,2.3012,1,2,0.25701,1.3868,0.27799,0
481,2.306,1,2,0.25746,1.3871,0.27712,0
482,2.3108,1,2,0.25776,1.3873,0.2764,0
483,2.3156,1,2,0.25789,1.3875,0.27577,0
484,2.3204,1,2,0.25783,1.3876,0.27517,0
485,2.3252,1,2,0.2576,1.3877,0.27454,0
486,2.33,1,2,0.25719,1.3877,0.27381,0
487,2.3347,1,2,0.25665,1.3877,0.27297,0
488,2.3395,1,2,0.256,1.3877,0.27201,0
489,2.3443,1,2,0.25529,1.3877,0.27093,0
490,2.3491,1,2,0.25458,1.3878,0.26978,0
491,2.3539,1,2,0.25391,1.388,0.26861,0
492,2.3587,1,2,0.25335,1.3884,0.26748,0
493,2.3635,1,2,0.25293,1.389,0.26646,0
494,2.3683,1,2,0.25268,1.3897,0.26561,0
495,2.3731,1,2,0.25263,1.3906,0.26502,0
496,2.3779,1,2,0.25277,1.3916,0.26472,0
497,2.3827,1,2,0.25309,1.3927,0.26474,0
498,2.3875,1,2,0.25357,1.3938,0.26512,0
499,2.3923,1,2,0.25416,1.3949,0.26582,0
500,2.3971,1,2,0.25481,1.3959,0.26683,0
501,2.4019,1,2,0.25547,1.3967,0.26809,0
502,2.4067,1,2,0.25607,1.3973,0.26955,0
503,2.4114,1,2,0.25656,1.3976,0.2711,0
504,2.4162,1,2,0.25688,1.3977,0.27269,0
505,2.421,1,2,0.25701,1.3976,0.27421,0
506,2.4258,1,2,0.25692,1.3971,0.27562,0
507,2.4306,1,2,0.25661,1.3965,0.27685,0
508,2.4354,1,2,0.25612,1.3957,0.27784,0
509,2.4402,1,2,0.25546,1.3948,0.27855,0
510,2.445,1,2,0.2547,1.3938,0.27894,0
511,2.4498,1,2,0.25388,1.3927,0.27902,0
512,2.4546,1,2,0.25308,1.3917,0.27881,0
513,2.4594,1,2,0.25234,1.3907,0.27835,0
514,2.4642,1,2,0.25172,1.3899,0.27772,0
515,2.469,1,2,0.25127,1.3892,0.27703,0
516,2.4738,1,2,0.25102,1.3887,0.27641,0
517,2.4786,1,2,0.25099,1.3884,0.27601,0
518,2.4834,1,2,0.25118,1.3883,0.27595,0
519,2.4882,1,2,0.25158,1.3885,0.27635,0
520,2.493,1,2,0.25216,1.3888,0.27727,0
521,2.4977,1,2,0.25288,1.3893,0.27874,0
522,2.5025,1,2,0.25367,1.3899,0.28071,0
523,2.5073,1,2,0.25447,1.3905,0.28312,0
524,2.5121,1,2,0.25523,1.3911,0.28583,0
525,2.5169,1,2,0.25588,1.3916,0.28871,0
526,2.5217,1,2,0.25636,1.3918,0.29159,0
527,2.5265,1,2,0.25664,1.3919,0.29428,0
528,2.5313,1,2,0.25669,1.3916,0.29661,0
529,2.5361,1,2,0.25651,1.3911,0.29841,0
530,2.5409,1,2,0.25609,1.3903,0.29957,0
531,2.5457,1,2,0.25546,1.3894,0.29998,0
532,2.5505,1,2,0.25465,1.3883,0.29961,0
533,2.5553,1,2,0.25372,1.3871,0.29846,0
534,2.5601,1,2,0.25272,1.3859,0.29657,0
535,2.5649,1,2,0.2517,1.3848,0.29399,0
536,2.5697,1,2,0.25074,1.3838,0.29083,0
537,2.5745,1,2,0.2499,1.3831,0.28722,0
538,2.5792,1,2,0.24923,1.3826,0.28331,0
539,2.584,1,2,0.2488,1.3824,0.27927,0
540,2.5888,1,2,0.24862,1.3826,0.27527,0
541,2.5936,1,2,0.24872,1.383,0.27148,0
542,2.5984,1,2,0.24909,1.3838,0.26806,0
543,2.6032,1,2,0.24972,1.3847,0.26514,0
544,2.608,1,2,0.25054,1.3858,0.26281,0
545,2.6128,1,2,0.25152,1.387,0.26114,0
546,2.6176,1,2,0.25256,1.3881,0.26014,0
547,2.6224,1,2,0.2536,1.3893,0.2598,0
548,2.6272,1,2,0.25455,1.3903,0.26009,0
549,2.632,1,2,0.25535,1.3912,0.26096,0
550,2.6368,1,2,0.25593,1.3919,0.26234,0
551,2.6416,1,2,0.25626,1.3924,0.26414,0
552,2.6464,1,2,0.25632,1.3927,0.26628,0
553,2.6512,1,2,0.25613,1.3928,0.26866,0
554,2.6559,1,2,0.2557,1.3928,0.27119,0
555,2.6607,1,2,0.2551,1.3926,0.27377,0
556,2.6655,1,2,0.25438,1.3923,0.27635,0
557,2.6703,1,2,0.25361,1.392,0.27885,0
558,2.6751,1,2,0.25285,1.3916,0.28124,0
559,2.6799,1,2,0.25218,1.3911,0.2835,0
560,2.6847,1,2,0.25165,1.3907,0.28564,0
561,2.6895,1,2,0.2513,1.3903,0.28769,0
562,2.6943,1,2,0.25117,1.39,0.28969,0
563,2.6991,1,2,0.25126,1.3897,0.29167,0
564,2.7039,1,2,0.25156,1.3895,0.29365,0
565,2.7087,1,2,0.25205,1.3894,0.29564,0
566,2.7135,1,2,0.25268,1.3892,0.29761,0
567,2.7183,1,2,0.2534,1.3891,0.29951,0
568,2.7231,1,2,0.25414,1.389,0.30128,0
569,2.7279,1,2,0.25484,1.3887,0.30284,0
570,2.7327,1,2,0.25545,1.3883,0.3041,0
571,2.7374,1,2,0.2559,1.3878,0.30497,0
572,2.7422,1,2,0.25617,1.3871,0.30535,0
573,2.747,1,2,0.25623,1.3862,0.30517,0
574,2.7518,1,2,0.25607,1.3852,0.30437,0
575,2.7566,1,2,0.2557,1.3841,0.30294,0
576,2.7614,1,2,0.25514,1.3829,0.3009,0
577,2.7662,1,2,0.25443,1.3818,0.29828,0
578,2.771,1,2,0.25362,1.3807,0.29519,0
579,2.7758,1,2,0.25276,1.3799,0.29172,0
580,2.7806,1,2,0.2519,1.3792,0.28801,0
581,2.7854,1,2,0.2511,1.3789,0.28421,0
582,2.7902,1,2,0.2504,1.3789,0.28049,0
583,2.795,1,2,0.24985,1.3793,0.277,0
584,2.7998,1,2,0.24948,1.38,0.2739,0
585,2.8046,1,2,0.2493,1.381,0.27134,0
586,2.8094,1,2,0.24932,1.3823,0.26942,0
587,2.8141,1,2,0.24954,1.3838,0.2682,0
588,2.8189,1,2,0.24992,1.3855,0.26773,0
589,2.8237,1,2,0.25044,1.3871,0.26798,0
590,2.8285,1,2,0.25105,1.3887,0.26891,0
591,2.8333,1,2,0.25171,1.3901,0.27041,0
592,2.8381,1,2,0.25236,1.3913,0.27238,0
593,2.8429,1,2,0.25297,1.3923,0.2747,0
594,2.8477,1,2,0.25348,1.3929,0.27722,0
595,2.8525,1,2,0.25387,1.3933,0.27983,0
596,2.8573,1,2,0.25412,1.3933,0.28239,0
597,2.8621,1,2,0.25421,1.393,0.28479,0
598,2.8669,1,2,0.25417,1.3925,0.28694,0
599,2.8717,1,2,0.254,1.3918,0.28874,0
600,2.8765,1,2,0.25376,1.391,0.29014,0
601,2.8813,1,2,0.25348,1.3901,0.2911,0
602,2.8861,1,2,0.2532,1.3891,0.29162,0
603,2.8908,1,2,0.25298,1.3882,0.2917,0
604,2.8956,1,2,0.25285,1.3874,0.2914,0
605,2.9004,1,2,0.25286,1.3867,0.29079,0
606,2.9052,1,2,0.25302,1.3862,0.29,0
607,2.91,1,2,0.25335,1.3859,0.28916,0
608,2.9148,1,2,0.25385,1.3858,0.2884,0
609,2.9196,1,2,0.25451,1.386,0.28785,0
610,2.9244,1,2,0.25529,1.3865,0.28763,0
611,2.9292,1,2,0.25616,1.3871,0.28779,0
612,2.934,1,2,0.25706,1.3879,0.28838,0
613,2.9388,1,2,0.25793,1.3888,0.28938,0
614,2.9436,1,2,0.25872,1.3896,0.29072,0
615,2.9484,1,2,0.25938,1.3904,0.29231,0
616,2.9532,1,2,0.25985,1.391,0.29402,0
617,2.958,1,2,0.26012,1.3913,0.29571,0
618,2.9628,1,2,0.26015,1.3914,0.29724,0
619,2.9675,1,2,0.25994,1.3911,0.29845,0
620,2.9723,1,2,0.25951,1.3905,0.29922,0
621,2.9771,1,2,0.25889,1.3896,0.29946,0
622,2.9819,1,2,0.25812,1.3885,0.29911,0
623,2.9867,1,2,0.25723,1.3873,0.29811,0
624,2.9915,1,2,0.2563,1.386,0.29646,0
625,2.9963,1,2,0.25537,1.3847,0.29417,0
626,3.0011,1,2,0.25451,1.3836,0.29131,0
627,3.0059,1,2,0.25377,1.3826,0.28797,0
628,3.0107,1,2,0.25321,1.382,0.28429,0
629,3.0155,1,2,0.25285,1.3817,0.28041,0
630,3.0203,1,2,0.25274,1.3817,0.27649,0
631,3.0251,1,2,0.25287,1.382,0.27266,0
632,3.0299,1,2,0.25325,1.3827,0.26906,0
633,3.0347,1,2,0.25385,1.3836,0.26582,0
634,3.0395,1,2,0.25464,1.3848,0.26305,0
635,3.0442,1,2,0.25558,1.3861,0.26082,0
636,3.049,1,2,0.2566,1.3875,0.25916,0
637,3.0538,1,2,0.25764,1.3889,0.25807,0
638,3.0586,1,2,0.25863,1.3903,0.25752,0
639,3.0634,1,2,0.25951,1.3916,0.25748,0
640,3.0682,1,2,0.26022,1.3927,0.25789,0
641,3.073,1,2,0.26072,1.3937,0.2587,0
642,3.0778,1,2,0.26097,1.3945,0.25985,0
643,3.0826,1,2,0.26098,1.3951,0.26128,0
644,3.0874,1,2,0.26076,1.3956,0.26289,0
645,3.0922,1,2,0.26033,1.3958,0.26462,0
646,3.097,1,2,0.25974,1.3959,0.26636,0
647,3.1018,1,2,0.25905,1.3959,0.26804,0
648,3.1066,1,2,0.25832,1.3957,0.26956,0
649,3.1114,1,2,0.25759,1.3953,0.27092,0
650,3.1162,1,2,0.25693,1.395,0.27209,0
651,3.1209,1,2,0.25638,1.3946,0.2731,0
652,3.1257,1,2,0.25596,1.3941,0.27397,0
653,3.1305,1,2,0.25571,1.3937,0.2747,0
654,3.1353,1,2,0.25562,1.3934,0.27527,0
655,3.1401,1,2,0.2557,1.3931,0.27566,0
656,3.1449,1,2,0.2559,1.393,0.27593,0
657,3.1497,1,2,0.25621,1.3929,0.27617,0
658,3.1545,1,2,0.25689,1.393,0.27733,0
659,3.1593,1,2,0.25768,1.3931,0.27859,0
660,3.1641,1,2,0.25847,1.3931,0.27987,0
661,3.1689,1,2,0.25922,1.393,0.28113,0
662,3.1737,1,2,0.25986,1.3928,0.28233,0
663,3.1785,1,2,0.26037,1.3924,0.28338,0
664,3.1833,1,2,0.2607,1.3918,0.28419,0
665,3.1881,1,2,0.26085,1.391,0.28464,0
666,3.1929,1,2,0.26079,1.3901,0.2846,0
667,3.1976,1,2,0.26053,1.3892,0.28398,0
668,3.2024,1,2,0.26007,1.3881,0.28278,0
669,3.2072,1,2,0.25944,1.387,0.28103,0
670,3.212,1,2,0.25869,1.386,0.27879,0
671,3.2168,1,2,0.25784,1.3852,0.27615,0
672,3.2216,1,2,0.25697,1.3845,0.27323,0
673,3.2264,1,2,0.25613,1.3841,0.27019,0
674,3.2312,1,2,0.25537,1.384,0.26722,0
675,3.236,1,2,0.25476,1.3843,0.26456,0
676,3.2408,1,2,0.25432,1.3849,0.26241,0
677,3.2456,1,2,0.25408,1.3858,0.26089,0
678,3.2504,1,2,0.25406,1.3869,0.26005,0
679,3.2552,1,2,0.25423,1.3883,0.25984,0
680,3.26,1,2,0.25457,1.3897,0.26024,0
681,3.2648,1,2,0.25504,1.3912,0.26124,0
682,3.2696,1,2,0.2556,1.3926,0.26287,0
683,3.2744,1,2,0.25619,1.3939,0.26511,0
684,3.2791,1,2,0.25676,1.395,0.26789,0
685,3.2839,1,2,0.25728,1.3958,0.27106,0
686,3.2887,1,2,0.2577,1.3964,0.27441,0
687,3.2935,1,2,0.25798,1.3966,0.2778,0
688,3.2983,1,2,0.25811,1.3965,0.28108,0
689,3.3031,1,2,0.25808,1.396,0.28418,0
690,3.3079,1,2,0.25789,1.3954,0.28697,0
691,3.3127,1,2,0.25756,1.3944,0.28932,0
692,3.3175,1,2,0.25713,1.3934,0.29111,0
693,3.3223,1,2,0.25664,1.3922,0.29226,0
694,3.3271,1,2,0.25613,1.391,0.29282,0
695,3.3319,1,2,0.25564,1.3899,0.29286,0
696,3.3367,1,2,0.25524,1.389,0.29252,0
697,3.3415,1,2,0.25494,1.3882,0.29194,0
698,3.3463,1,2,0.25479,1.3876,0.29127,0
699,3.3511,1,2,0.25482,1.3874,0.29064,0
700,3.3558,1,2,0.25501,1.3874,0.29023,0
701,3.3606,1,2,0.25538,1.3878,0.29016,0
702,3.3654,1,2,0.2559,1.3884,0.29054,0
703,3.3702,1,2,0.25652,1.3891,0.29143,0
704,3.375,1,2,0.2572,1.3901,0.29283,0
705,3.3798,1,2,0.25789,1.391,0.2947,0
706,3.3846,1,2,0.25851,1.3919,0.29698,0
707,3.3894,1,2,0.25902,1.3927,0.29958,0
708,3.3942,1,2,0.25936,1.3932,0.30233,0
709,3.399,1,2,0.25949,1.3934,0.30507,0
710,3.4038,1,2,0.25939,1.3933,0.30761,0
711,3.4086,1,2,0.25905,1.3928,0.30979,0
712,3.4134,1,2,0.25848,1.3919,0.31147,0
713,3.4182,1,2,0.25772,1.3907,0.31256,0
714,3.423,1,2,0.2568,1.3893,0.31295,0
715,3.4278,1,2,0.25577,1.3877,0.31253,0
716,3.4326,1,2,0.25473,1.3861,0.31111,0
717,3.4373,1,2,0.25365,1.3845,0.30901,0
718,3.4421,1,2,0.2526,1.383,0.30634,0
719,3.4469,1,2,0.25161,1.3818,0.30321,0
720,3.4517,1,2,0.25076,1.3808,0.29968,0
721,3.4565,1,2,0.25007,1.3801,0.29587,0
722,3.4613,1,2,0.24959,1.3798,0.29193,0
723,3.4661,1,2,0.24934,1.3799,0.28803,0
724,3.4709,1,2,0.24934,1.3803,0.28433,0
725,3.4757,1,2,0.24957,1.381,0.28097,0
726,3.4805,1,2,0.25001,1.382,0.27807,0
727,3.4853,1,2,0.25064,1.3832,0.27569,0
728,3.4901,1,2,0.25141,1.3845,0.27384,0
729,3.4949,1,2,0.25225,1.3858,0.27251,0
730,3.4997,1,2,0.25311,1.3871,0.27166,0
731,3.5045,1,2,0.25392,1.3883,0.27124,0
732,3.5093,1,2,0.25461,1.3893,0.27124,0
733,3.5141,1,2,0.25513,1.3901,0.27159,0
734,3.5188,1,2,0.25545,1.3907,0.27221,0
735,3.5236,1,2,0.25554,1.391,0.27299,0
736,3.5284,1,2,0.25541,1.3912,0.27382,0
737,3.5332,1,2,0.25508,1.3911,0.2746,0
738,3.538,1,2,0.2546,1.3909,0.27526,0
739,3.5428,1,2,0.25402,1.3907,0.27575,0
740,3.5476,1,2,0.2534,1.3904,0.27604,0
741,3.5524,1,2,0.2528,1.3901,0.27616,0
742,3.5572,1,2,0.2523,1.39,0.27619,0
743,3.562,1,2,0.25194,1.39,0.27628,0
744,3.5668,1,2,0.25174,1.3902,0.27655,0
745,3.5716,1,2,0.25173,1.3905,0.27708,0
746,3.5764,1,2,0.2519,1.391,0.27789,0
747,3.5812,1,2,0.25223,1.3917,0.27897,0
748,3.586,1,2,0.2527,1.3924,0.28031,0
749,3.5908,1,2,0.25327,1.393,0.2819,0
750,3.5956,1,2,0.25389,1.3937,0.28369,0
751,3.6003,1,2,0.2545,1.3941,0.2856,0
752,3.6051,1,2,0.25507,1.3944,0.28747,0
753,3.6099,1,2,0.25555,1.3945,0.28911,0
754,3.6147,1,2,0.25589,1.3942,0.29032,0
755,3.6195,1,2,0.25606,1.3937,0.29097,0
756,3.6243,1,2,0.25605,1.3929,0.29097,0
757,3.6291,1,2,0.25583,1.3919,0.29027,0
758,3.6339,1,2,0.25541,1.3906,0.2888,0
759,3.6387,1,2,0.25482,1.3892,0.28655,0
760,3.6435,1,2,0.25408,1.3878,0.28353,0
761,3.6483,1,2,0.25324,1.3864,0.27981,0
762,3.6531,1,2,0.25235,1.3852,0.27556,0
763,3.6579,1,2,0.25146,1.3843,0.27097,0
764,3.6627,1,2,0.25064,1.3836,0.26623,0
765,3.6675,1,2,0.24994,1.3834,0.26155,0
766,3.6723,1,2,0.2494,1.3836,0.25713,0
767,3.6771,1,2,0.24906,1.3842,0.25314,0
768,3.6818,1,2,0.24895,1.3852,0.24979,0
769,3.6866,1,2,0.24906,1.3867,0.24723,0
770,3.6914,1,2,0.24939,1.3884,0.24554,0
771,3.6962,1,2,0.24991,1.3903,0.24477,0
772,3.701,1,2,0.25057,1.3923,0.24492,0
773,3.7058,1,2,0.25134,1.3943,0.24593,0
774,3.7106,1,2,0.25214,1.3961,0.24772,0
775,3.7154,1,2,0.25293,1.3978,0.25018,0
776,3.7202,1,2,0.25364,1.3992,0.25318,0
777,3.725,1,2,0.25423,1.4002,0.25659,0
778,3.7298,1,2,0.25466,1.4009,0.26025,0
779,3.7346,1,2,0.2549,1.4012,0.26402,0
780,3.7394,1,2,0.25494,1.4011,0.26772,0
781,3.7442,1,2,0.25479,1.4006,0.27122,0
782,3.749,1,2,0.25447,1.3998,0.27438,0
783,3.7538,1,2,0.25404,1.3987,0.27711,0
784,3.7586,1,2,0.25354,1.3975,0.27931,0
785,3.7633,1,2,0.25303,1.3961,0.2809,0
786,3.7681,1,2,0.25258,1.3947,0.28183,0
787,3.7729,1,2,0.25223,1.3933,0.28216,0
788,3.7777,1,2,0.25204,1.3921,0.28203,0
789,3.7825,1,2,0.25202,1.3911,0.28159,0
790,3.7873,1,2,0.25219,1.3903,0.28101,0
791,3.7921,1,2,0.25254,1.3899,0.28041,0
792,3.7969,1,2,0.25306,1.3898,0.27988,0
793,3.8017,1,2,0.25372,1.39,0.27953,0
794,3.8065,1,2,0.25447,1.3904,0.27952,0
795,3.8113,1,2,0.25528,1.3911,0.27998,0
796,3.8161,1,2,0.25609,1.392,0.28099,0
797,3.8209,1,2,0.25686,1.3929,0.28251,0
798,3.8257,1,2,0.25755,1.3938,0.28444,0
799,3.8305,1,2,0.25811,1.3946,0.28661,0
800,3.8353,1,2,0.2585,1.3952,0.28888,0
801,3.8401,1,2,0.2587,1.3955,0.29115,0
802,3.8448,1,2,0.25868,1.3956,0.29334,0
803,3.8496,1,2,0.25845,1.3953,0.29536,0
804,3.8544,1,2,0.25802,1.3947,0.29708,0
805,3.8592,1,2,0.2574,1.3938,0.29831,0
806,3.864,1,2,0.25664,1.3927,0.29893,0
807,3.8688,1,2,0.25577,1.3914,0.29889,0
808,3.8736,1,2,0.25484,1.3901,0.29821,0
809,3.8784,1,2,0.25393,1.3887,0.29695,0
810,3.8832,1,2,0.25307,1.3874,0.29519,0
811,3.888,1,2,0.25233,1.3864,0.29301,0
812,3.8928,1,2,0.25177,1.3855,0.29049,0
813,3.8976,1,2,0.25143,1.385,0.28777,0
814,3.9024,1,2,0.25133,1.3847,0.28497,0
815,3.9072,1,2,0.25149,1.3848,0.28221,0
816,3.912,1,2,0.2519,1.3851,0.27958,0
817,3.9168,1,2,0.25253,1.3857,0.27716,0
818,3.9216,1,2,0.25336,1.3864,0.27506,0
819,3.9263,1,2,0.25433,1.3873,0.27337,0
820,3.9311,1,2,0.25538,1.3882,0.27217,0
821,3.9359,1,2,0.25647,1.3892,0.2715,0
822,3.9407,1,2,0.25752,1.3901,0.27132,0
823,3.9455,1,2,0.25847,1.391,0.27162,0
824,3.9503,1,2,0.25926,1.3917,0.27238,0
825,3.9551,1,2,0.25986,1.3923,0.2736,0
826,3.9599,1,2,0.26022,1.3928,0.27524,0
827,3.9647,1,2,0.26035,1.3931,0.27717,0
828,3.9695,1,2,0.26027,1.3933,0.27918,0
829,3.9743,1,2,0.25999,1.3934,0.28094,0
830,3.9791,1,2,0.25958,1.3934,0.28215,0
831,3.9839,1,2,0.25909,1.3933,0.28266,0
832,3.9887,1,2,0.25857,1.3932,0.28252,0
833,3.9935,1,2,0.25811,1.3929,0.28436,0
834,3.9983,1,2,0.2577,1.3925,0.28646,0
835,4.0031,1,2,0.25735,1.3921,0.28827,0
836,4.0078,1,2,0.25707,1.3916,0.28974,0
837,4.0126,1,2,0.25691,1.3911,0.29098,0
838,4.0174,1,2,0.25687,1.3907,0.29211,0
839,4.0222,1,2,0.25696,1.3904,0.29324,0
840,4.027,1,2,0.2572,1.3902,0.29446,0
841,4.0318,1,2,0.25757,1.3901,0.2958,0
842,4.0366,1,2,0.25805,1.3901,0.2973,0
843,4.0414,1,2,0.25861,1.3901,0.29891,0
844,4.0462,1,2,0.2592,1.3901,0.30057,0
845,4.051,1,2,0.25978,1.39,0.30218,0
846,4.0558,1,2,0.26028,1.3897,0.30362,0
847,4.0606,1,2,0.26067,1.3893,0.30475,0
848,4.0654,1,2,0.26091,1.3887,0.30543,0
849,4.0702,1,2,0.26096,1.3879,0.30556,0
850,4.075,1,2,0.26081,1.3869,0.30507,0
851,4.0798,1,2,0.26045,1.3858,0.30391,0
852,4.0846,1,2,0.25991,1.3846,0.30207,0
853,4.0893,1,2,0.2592,1.3834,0.29958,0
854,4.0941,1,2,0.25837,1.3822,0.29648,0
855,4.0989,1,2,0.25748,1.3813,0.29288,0
856,4.1037,1,2,0.25659,1.3805,0.28889,0
857,4.1085,1,2,0.25576,1.3801,0.28469,0
858,4.1133,1,2,0.25505,1.38,0.28044,0
859,4.1181,1,2,0.25451,1.3804,0.27634,0
860,4.1229,1,2,0.25419,1.3811,0.27258,0
861,4.1277,1,2,0.2541,1.3822,0.26933,0
862,4.1325,1,2,0.25425,1.3836,0.26676,0
863,4.1373,1,2,0.25463,1.3853,0.26499,0
864,4.1421,1,2,0.25519,1.3872,0.2641,0
865,4.1469,1,2,0.25591,1.3892,0.26408,0
866,4.1517,1,2,0.25672,1.3911,0.2649,0
867,4.1565,1,2,0.25756,1.3929,0.26644,0
868,4.1613,1,2,0.25836,1.3945,0.26859,0
869,4.1661,1,2,0.25908,1.3957,0.27117,0
870,4.1708,1,2,0.25966,1.3966,0.27402,0
871,4.1756,1,2,0.26006,1.3972,0.27693,0
872,4.1804,1,2,0.26027,1.3973,0.27971,0
873,4.1852,1,2,0.26027,1.397,0.28221,0
874,4.19,1,2,0.26009,1.3964,0.28428,0
875,4.1948,1,2,0.25976,1.3956,0.28579,0
876,4.1996,1,2,0.25933,1.3944,0.28668,0
877,4.2044,1,2,0.25884,1.3932,0.28687,0
878,4.2092,1,2,0.25836,1.3918,0.28634,0
879,4.214,1,2,0.25796,1.3904,0.28513,0
880,4.2188,1,2,0.25767,1.3891,0.28328,0
881,4.2236,1,2,0.25754,1.388,0.28092,0
882,4.2284,1,2,0.2576,1.3871,0.27818,0
883,4.2332,1,2,0.25786,1.3864,0.27526,0
884,4.238,1,2,0.25834,1.3861,0.27234,0
885,4.2428,1,2,0.259,1.3861,0.26963,0
886,4.2476,1,2,0.25983,1.3865,0.26732,0
887,4.2523,1,2,0.26076,1.3872,0.26556,0
888,4.2571,1,2,0.26175,1.3882,0.26446,0
889,4.2619,1,2,0.26272,1.3894,0.26407,0
890,4.2667,1,2,0.2636,1.3907,0.2644,0
891,4.2715,1,2,0.26433,1.3921,0.26538,0
892,4.2763,1,2,0.26485,1.3933,0.2669,0
893,4.2811,1,2,0.26511,1.3943,0.26885,0
894,4.2859,1,2,0.2651,1.3951,0.27104,0
895,4.2907,1,2,0.26479,1.3955,0.27333,0
896,4.2955,1,2,0.26421,1.3957,0.27554,0
897,4.3003,1,2,0.26339,1.3954,0.27751,0
898,4.3051,1,2,0.26237,1.3949,0.27912,0
899,4.3099,1,2,0.2612,1.3941,0.28026,0
900,4.3147,1,2,0.25995,1.3932,0.28089,0
901,4.3195,1,2,0.2587,1.3921,0.28098,0
902,4.3243,1,2,0.25749,1.3911,0.28055,0
903,4.3291,1,2,0.25641,1.39,0.27962,0
904,4.3338,1,2,0.2555,1.3891,0.27827,0
905,4.3386,1,2,0.25481,1.3884,0.27656,0
906,4.3434,1,2,0.25437,1.3879,0.2746,0
907,4.3482,1,2,0.2542,1.3875,0.27247,0
908,4.353,1,2,0.2543,1.3874,0.27026,0
909,4.3578,1,2,0.25465,1.3875,0.26805,0
910,4.3626,1,2,0.25522,1.3877,0.26589,0
911,4.3674,1,2,0.25597,1.3881,0.26384,0
912,4.3722,1,2,0.25686,1.3885,0.26194,0
913,4.377,1,2,0.25781,1.3889,0.26022,0
914,4.3818,1,2,0.25879,1.3894,0.25867,0
915,4.3866,1,2,0.25971,1.3898,0.2573,0
916,4.3914,1,2,0.26053,1.3902,0.25608,0
917,4.3962,1,2,0.2612,1.3905,0.255,0
918,4.401,1,2,0.26168,1.3907,0.25406,0
919,4.4058,1,2,0.26195,1.3908,0.25327,0
920,4.4105,1,2,0.26202,1.3909,0.25262,0
921,4.4153,1,2,0.26189,1.391,0.25214,0
922,4.4201,1,2,0.2616,1.391,0.25186,0
923,4.4249,1,2,0.26119,1.3911,0.25183,0
924,4.4297,1,2,0.2607,1.3913,0.25212,0
925,4.4345,1,2,0.2602,1.3916,0.25281,0
926,4.4393,1,2,0.25971,1.392,0.25401,0
927,4.4441,1,2,0.25928,1.3925,0.25577,0
928,4.4489,1,2,0.25893,1.3932,0.2582,0
929,4.4537,1,2,0.2587,1.3941,0.26133,0
930,4.4585,1,2,0.25857,1.3951,0.26519,0
931,4.4633,1,2,0.25856,1.3961,0.26973,0
932,4.4681,1,2,0.25863,1.397,0.27488,0
933,4.4729,1,2,0.25877,1.3979,0.28052,0
934,4.4777,1,2,0.25894,1.3986,0.28646,0
935,4.4825,1,2,0.2591,1.399,0.29253,0
936,4.4873,1,2,0.25922,1.3991,0.29847,0
937,4.492,1,2,0.25927,1.3987,0.30403,0
938,4.4968,1,2,0.25921,1.3979,0.30894,0
939,4.5016,1,2,0.25904,1.3965,0.31294,0
940,4.5064,1,2,0.25874,1.3947,0.31585,0
941,4.5112,1,2,0.25832,1.3925,0.3175,0
942,4.516,1,2,0.25778,1.39,0.31782,0
943,4.5208,1,2,0.25714,1.3873,0.31674,0
944,4.5256,1,2,0.25643,1.3845,0.3143,0
945,4.5304,1,2,0.25568,1.3817,0.31058,0
946,4.5352,1,2,0.25492,1.3792,0.30571,0
947,4.54,1,2,0.25421,1.377,0.29988,0
948,4.5448,1,2,0.25358,1.3752,0.29334,0
949,4.5496,1,2,0.25307,1.374,0.28636,0
950,4.5544,1,2,0.25273,1.3734,0.27926,0
951,4.5592,1,2,0.25259,1.3735,0.27234,0
952,4.5639,1,2,0.25266,1.3741,0.2659,0
953,4.5687,1,2,0.25294,1.3753,0.26022,0
954,4.5735,1,2,0.25342,1.377,0.25551,0
955,4.5783,1,2,0.25408,1.3791,0.25194,0
956,4.5831,1,2,0.25488,1.3815,0.24962,0
957,4.5879,1,2,0.25575,1.384,0.24859,0
958,4.5927,1,2,0.25665,1.3866,0.24884,0
959,4.5975,1,2,0.25751,1.3891,0.25028,0
960,4.6023,1,2,0.25826,1.3914,0.25277,0
961,4.6071,1,2,0.25885,1.3933,0.25613,0
962,4.6119,1,2,0.25923,1.3949,0.26016,0
963,4.6167,1,2,0.25938,1.396,0.26465,0
964,4.6215,1,2,0.2593,1.3966,0.26939,0
965,4.6263,1,2,0.259,1.3968,0.27418,0
966,4.6311,1,2,0.25852,1.3966,0.27883,0
967,4.6359,1,2,0.25792,1.396,0.28316,0
968,4.6406,1,2,0.25725,1.395,0.28702,0
969,4.6454,1,2,0.2566,1.3939,0.29033,0
970,4.6502,1,2,0.25601,1.3925,0.29298,0
971,4.655,1,2,0.25555,1.3911,0.29498,0
972,4.6598,1,2,0.25526,1.3897,0.29632,0
973,4.6646,1,2,0.25518,1.3884,0.29706,0
974,4.6694,1,2,0.25531,1.3872,0.29728,0
975,4.6742,1,2,0.25565,1.3862,0.29708,0
976,4.679,1,2,0.25619,1.3855,0.29657,0
977,4.6838,1,2,0.25689,1.385,0.29587,0
978,4.6886,1,2,0.25772,1.3847,0.29508,0
979,4.6934,1,2,0.25863,1.3847,0.29429,0
980,4.6982,1,2,0.25955,1.3849,0.29355,0
981,4.703,1,2,0.26044,1.3851,0.29288,0
982,4.7078,1,2,0.26123,1.3855,0.29225,0
983,4.7126,1,2,0.26189,1.3858,0.29165,0
984,4.7173,1,2,0.26237,1.386,0.29105,0
985,4.7221,1,2,0.26265,1.3862,0.29042,0
986,4.7269,1,2,0.2627,1.3862,0.28971,0
987,4.7317,1,2,0.26252,1.386,0.2889,0
988,4.7365,1,2,0.26213,1.3857,0.28794,0
989,4.7413,1,2,0.26155,1.3853,0.28677,0
990,4.7461,1,2,0.2608,1.3848,0.28539,0
991,4.7509,1,2,0.25995,1.3842,0.28378,0
992,4.7557,1,2,0.25903,1.3837,0.28202,0
993,4.7605,1,2,0.25812,1.3833,0.28016,0
994,4.7653,1,2,0.25727,1.383,0.27829,0
995,4.7701,1,2,0.25654,1.383,0.2765,0
996,4.7749,1,2,0.25599,1.3832,0.27487,0
997,4.7797,1,2,0.25566,1.3836,0.27346,0
998,4.7845,1,2,0.25555,1.3842,0.27234,0
999,4.7893,1,2,0.25569,1.3851,0.27157,0
1000,4.794,1,2,0.25605,1.386,0.27116,0
1001,4.7988,1,2,0.25661,1.387,0.27109,0
1002,4.8036,1,2,0.25731,1.388,0.27135,0
1003,4.8084,1,2,0.25812,1.389,0.27185,0
1004,4.8132,1,2,0.25897,1.3899,0.27255,0
1005,4.818,1,2,0.2598,1.3906,0.27338,0
1006,4.8228,1,2,0.26056,1.3912,0.27429,0
1007,4.8276,1,2,0.26119,1.3916,0.27524,0
1008,4.8324,1,2,0.26166,1.3919,0.27619,0
1009,4.8372,1,2,0.26195,1.392,0.27707,0
1010,4.842,1,2,0.26204,1.3921,0.27784,0
1011,4.8468,1,2,0.26196,1.392,0.27846,0
1012,4.8516,1,2,0.26172,1.3918,0.27886,0
1013,4.8564,1,2,0.26137,1.3915,0.27902,0
1014,4.8612,1,2,0.26094,1.3912,0.27889,0
1015,4.866,1,2,0.26049,1.3909,0.27845,0
1016,4.8707,1,2,0.26007,1.3906,0.27772,0
1017,4.8755,1,2,0.25973,1.3903,0.27671,0
1018,4.8803,1,2,0.25949,1.3901,0.27548,0
1019,4.8851,1,2,0.25941,1.39,0.27413,0
1020,4.8899,1,2,0.25948,1.3901,0.2728,0
1021,4.8947,1,2,0.25972,1.3903,0.27166,0
1022,4.8995,1,2,0.26011,1.3907,0.27087,0
1023,4.9043,1,2,0.26063,1.3913,0.27055,0
1024,4.9091,1,2,0.26123,1.392,0.27075,0
1025,4.9139,1,2,0.26187,1.3929,0.2714,0
1026,4.9187,1,2,0.26249,1.3938,0.27238,0
1027,4.9235,1,2,0.26304,1.3944,0.27444,0
1028,4.9283,1,2,0.26348,1.395,0.27663,0
1029,4.9331,1,2,0.26379,1.3954,0.27884,0
1030,4.9379,1,2,0.26391,1.3955,0.28095,0
1031,4.9426,1,2,0.26382,1.3954,0.28287,0
1032,4.9474,1,2,0.26351,1.3949,0.28446,0
1033,4.9522,1,2,0.26298,1.3942,0.28561,0
1034,4.957,1,2,0.26225,1.3931,0.28619,0
1035,4.9618,1,2,0.26134,1.3919,0.2861,0
1036,4.9666,1,2,0.2603,1.3905,0.28527,0
1037,4.9714,1,2,0.25921,1.3891,0.28371,0
1038,4.9762,1,2,0.25812,1.3877,0.28147,0
1039,4.981,1,2,0.25709,1.3865,0.27865,0
1040,4.9858,1,2,0.25621,1.3855,0.2754,0
1041,4.9906,1,2,0.25551,1.385,0.27189,0
1042,4.9954,1,2,0.25503,1.3848,0.26832,0
1043,5.0002,1,2,0.25481,1.385,0.26489,0
1044,5.005,1,2,0.25483,1.3856,0.26177,0
1045,5.0098,1,2,0.25509,1.3866,0.25913,0
1046,5.0145,1,2,0.25555,1.3878,0.25707,0
1047,5.0193,1,2,0.25618,1.3892,0.2557,0
1048,5.0241,1,2,0.25691,1.3908,0.25508,0
1049,5.0289,1,2,0.25769,1.3923,0.25522,0
1050,5.0337,1,2,0.25847,1.3939,0.25609,0
1051,5.0385,1,2,0.2592,1.3952,0.25763,0
1052,5.0433,1,2,0.25981,1.3964,0.25972,0
1053,5.0481,1,2,0.26028,1.3973,0.26226,0
1054,5.0529,1,2,0.26056,1.398,0.26513,0
1055,5.0577,1,2,0.26063,1.3983,0.26821,0
1056,5.0625,1,2,0.26049,1.3984,0.27134,0
1057,5.0673,1,2,0.26014,1.3981,0.27435,0
1058,5.0721,1,2,0.25963,1.3976,0.27706,0
1059,5.0769,1,2,0.25897,1.3969,0.27937,0
1060,5.0817,1,2,0.25824,1.396,0.28119,0
1061,5.0865,1,2,0.25748,1.3949,0.28252,0
1062,5.0912,1,2,0.25676,1.3937,0.28335,0
1063,5.096,1,2,0.25613,1.3925,0.28366,0
1064,5.1008,1,2,0.25565,1.3914,0.28346,0
1065,5.1056,1,2,0.25536,1.3903,0.28282,0
1066,5.1104,1,2,0.25531,1.3893,0.28188,0
1067,5.1152,1,2,0.2555,1.3885,0.2808,0
1068,5.12,1,2,0.25594,1.3879,0.27971,0
1069,5.1248,1,2,0.25659,1.3876,0.27871,0
1070,5.1296,1,2,0.25743,1.3875,0.27786,0
1071,5.1344,1,2,0.25838,1.3876,0.27723,0
1072,5.1392,1,2,0.25937,1.3878,0.27689,0
1073,5.144,1,2,0.26034,1.3882,0.2769,0
1074,5.1488,1,2,0.26121,1.3887,0.27727,0
1075,5.1536,1,2,0.26191,1.3892,0.27794,0
1076,5.1584,1,2,0.26239,1.3896,0.27879,0
1077,5.1632,1,2,0.2626,1.3899,0.27968,0
1078,5.1679,1,2,0.26253,1.39,0.28053,0
1079,5.1727,1,2,0.26217,1.3899,0.28124,0
1080,5.1775,1,2,0.26156,1.3896,0.28174,0
1081,5.1823,1,2,0.26074,1.3892,0.28193,0
1082,5.1871,1,2,0.25978,1.3886,0.28177,0
1083,5.1919,1,2,0.25876,1.3881,0.28128,0
1084,5.1967,1,2,0.25775,1.3876,0.28057,0
1085,5.2015,1,2,0.25682,1.3871,0.27975,0
1086,5.2063,1,2,0.25599,1.3869,0.27889,0
1087,5.2111,1,2,0.2553,1.3868,0.27795,0
1088,5.2159,1,2,0.25478,1.3868,0.27687,0
1089,5.2207,1,2,0.25441,1.3871,0.27563,0
1090,5.2255,1,2,0.25419,1.3874,0.27432,0
1091,5.2303,1,2,0.2541,1.3878,0.27309,0
1092,5.2351,1,2,0.25433,1.3883,0.27312,0
1093,5.2399,1,2,0.25477,1.3889,0.27337,0
1094,5.2446,1,2,0.25539,1.3895,0.2736,0
1095,5.2494,1,2,0.25615,1.3901,0.27377,0
1096,5.2542,1,2,0.25699,1.3907,0.27388,0
1097,5.259,1,2,0.25788,1.391,0.27393,0
1098,5.2638,1,2,0.25877,1.3913,0.27389,0
1099,5.2686,1,2,0.2596,1.3913,0.27366,0
1100,5.2734,1,2,0.26034,1.3911,0.27319,0
1101,5.2782,1,2,0.26095,1.3907,0.27239,0
1102,5.283,1,2,0.26141,1.3901,0.27124,0
1103,5.2878,1,2,0.26169,1.3894,0.2697,0
1104,5.2926,1,2,0.26181,1.3887,0.2678,0
1105,5.2974,1,2,0.26179,1.388,0.26559,0
1106,5.3022,1,2,0.26165,1.3874,0.26316,0
1107,5.307,1,2,0.26144,1.3869,0.26061,0
1108,5.3118,1,2,0.26121,1.3868,0.25812,0
1109,5.3166,1,2,0.261,1.3869,0.25585,0
1110,5.3213,1,2,0.26087,1.3874,0.25399,0
1111,5.3261,1,2,0.26084,1.3882,0.25271,0
1112,5.3309,1,2,0.26094,1.3893,0.25217,0
1113,5.3357,1,2,0.2612,1.3907,0.2525,0
1114,5.3405,1,2,0.2616,1.3924,0.25379,0
1115,5.3453,1,2,0.26213,1.3943,0.25607,0
1116,5.3501,1,2,0.26274,1.3962,0.25929,0
1117,5.3549,1,2,0.2634,1.398,0.26336,0
1118,5.3597,1,2,0.26405,1.3997,0.26811,0
1119,5.3645,1,2,0.26463,1.4011,0.27333,0
1120,5.3693,1,2,0.26508,1.4022,0.27877,0
1121,5.3741,1,2,0.26536,1.4027,0.28416,0
1122,5.3789,1,2,0.26543,1.4028,0.28922,0
1123,5.3837,1,2,0.26527,1.4022,0.29367,0
1124,5.3885,1,2,0.26488,1.4011,0.29723,0
1125,5.3933,1,2,0.26427,1.3995,0.29969,0
1126,5.3981,1,2,0.26346,1.3974,0.30085,0
1127,5.4028,1,2,0.26251,1.395,0.30061,0
1128,5.4076,1,2,0.26146,1.3924,0.29889,0
1129,5.4124,1,2,0.26037,1.3897,0.29568,0
1130,5.4172,1,2,0.25931,1.3871,0.29108,0
1131,5.422,1,2,0.25835,1.3848,0.28524,0
1132,5.4268,1,2,0.25754,1.3828,0.27844,0
1133,5.4316,1,2,0.25693,1.3813,0.27097,0
1134,5.4364,1,2,0.25656,1.3804,0.26317,0
1135,5.4412,1,2,0.25644,1.3801,0.25535,0
1136,5.446,1,2,0.25659,1.3804,0.24784,0
1137,5.4508,1,2,0.257,1.3814,0.2409,0
1138,5.4556,1,2,0.25762,1.3829,0.2348,0
1139,5.4604,1,2,0.25842,1.3849,0.22973,0
1140,5.4652,1,2,0.25934,1.3872,0.22582,0
1141,5.47,1,2,0.26031,1.3897,0.22315,0
1142,5.4748,1,2,0.26127,1.3923,0.22173,0
1143,5.4795,1,2,0.26213,1.3949,0.22149,0
1144,5.4843,1,2,0.26285,1.3973,0.22235,0
1145,5.4891,1,2,0.26336,1.3995,0.22418,0
1146,5.4939,1,2,0.26361,1.4013,0.22684,0
1147,5.4987,1,2,0.26359,1.4028,0.23018,0
1148,5.5035,1,2,0.2633,1.4038,0.23405,0
1149,5.5083,1,2,0.26276,1.4045,0.23829,0
1150,5.5131,1,2,0.262,1.4047,0.24274,0
1151,5.5179,1,2,0.26109,1.4045,0.24724,0
1152,5.5227,1,2,0.26009,1.4041,0.25163,0
1153,5.5275,1,2,0.25907,1.4033,0.25579,0
1154,5.5323,1,2,0.25812,1.4024,0.25961,0
1155,5.5371,1,2,0.2573,1.4013,0.26303,0
1156,5.5419,1,2,0.25665,1.4002,0.26598,0
1157,5.5467,1,2,0.25622,1.399,0.26843,0
1158,5.5515,1,2,0.25603,1.3979,0.27036,0
1159,5.5562,1,2,0.25608,1.3968,0.27179,0
1160,5.561,1,2,0.25636,1.3959,0.27273,0
1161,5.5658,1,2,0.25684,1.395,0.27326,0
1162,5.5706,1,2,0.25747,1.3944,0.27345,0
1163,5.5754,1,2,0.2582,1.3938,0.27343,0
1164,5.5802,1,2,0.25897,1.3934,0.27328,0
1165,5.585,1,2,0.25973,1.3931,0.27304,0
1166,5.5898,1,2,0.26027,1.3927,0.27263,0
1167,5.5946,1,2,0.26068,1.3922,0.27205,0
1168,5.5994,1,2,0.26092,1.3918,0.27127,0
1169,5.6042,1,2,0.26099,1.3913,0.27029,0
1170,5.609,1,2,0.26087,1.3908,0.26905,0
1171,5.6138,1,2,0.26056,1.3902,0.26752,0
1172,5.6186,1,2,0.26008,1.3896,0.26569,0
1173,5.6234,1,2,0.25943,1.389,0.26357,0
1174,5.6282,1,2,0.25865,1.3884,0.2612,0
1175,5.6329,1,2,0.25776,1.3879,0.25863,0
1176,5.6377,1,2,0.2568,1.3875,0.25591,0
1177,5.6425,1,2,0.25583,1.3872,0.25313,0
1178,5.6473,1,2,0.2549,1.3871,0.25042,0
1179,5.6521,1,2,0.25406,1.3873,0.24792,0
1180,5.6569,1,2,0.25336,1.3876,0.24576,0
1181,5.6617,1,2,0.25282,1.3883,0.24405,0
1182,5.6665,1,2,0.25248,1.3891,0.24284,0
1183,5.6713,1,2,0.25235,1.39,0.24217,0
1184,5.6761,1,2,0.25241,1.3911,0.24207,0
1185,5.6809,1,2,0.25266,1.3923,0.24256,0
1186,5.6857,1,2,0.25307,1.3934,0.2436,0
1187,5.6905,1,2,0.2536,1.3944,0.24513,0
1188,5.6953,1,2,0.25419,1.3953,0.247,0
1189,5.7001,1,2,0.25479,1.396,0.2491,0
1190,5.7049,1,2,0.25534,1.3965,0.25131,0
1191,5.7096,1,2,0.25579,1.3968,0.25356,0
1192,5.7144,1,2,0.25611,1.3968,0.25579,0
1193,5.7192,1,2,0.25626,1.3966,0.25789,0
1194,5.724,1,2,0.25624,1.3962,0.25979,0
1195,5.7288,1,2,0.25606,1.3957,0.2614,0
1196,5.7336,1,2,0.25574,1.395,0.26268,0
1197,5.7384,1,2,0.25532,1.3942,0.26362,0
1198,5.7432,1,2,0.25485,1.3933,0.26421,0
1199,5.748,1,2,0.25438,1.3925,0.26445,0
1200,5.7528,1,2,0.25395,1.3918,0.26434,0
1201,5.7576,1,2,0.25361,1.3912,0.26395,0
1202,5.7624,1,2,0.25341,1.3907,0.26341,0
1203,5.7672,1,2,0.25337,1.3905,0.26286,0
1204,5.772,1,2,0.2535,1.3906,0.26247,0
1205,5.7768,1,2,0.25378,1.3908,0.26232,0
1206,5.7816,1,2,0.25422,1.3913,0.2625,0
1207,5.7863,1,2,0.25476,1.3919,0.26309,0
1208,5.7911,1,2,0.25538,1.3927,0.26413,0
1209,5.7959,1,2,0.25602,1.3935,0.26567,0
1210,5.8007,1,2,0.25663,1.3943,0.26771,0
1211,5.8055,1,2,0.25716,1.395,0.2702,0
1212,5.8103,1,2,0.25756,1.3955,0.27305,0
1213,5.8151,1,2,0.2578,1.3958,0.27611,0
1214,5.8199,1,2,0.25783,1.3957,0.27923,0
1215,5.8247,1,2,0.25764,1.3954,0.28222,0
1216,5.8295,1,2,0.25721,1.3947,0.28488,0
1217,5.8343,1,2,0.25657,1.3936,0.28704,0
1218,5.8391,1,2,0.25574,1.3923,0.28852,0
1219,5.8439,1,2,0.25475,1.3907,0.28924,0
1220,5.8487,1,2,0.25365,1.389,0.2891,0
1221,5.8535,1,2,0.25251,1.3872,0.28808,0
1222,5.8583,1,2,0.25138,1.3856,0.28618,0
1223,5.863,1,2,0.25034,1.3841,0.28346,0
1224,5.8678,1,2,0.24943,1.3829,0.28006,0
1225,5.8726,1,2,0.24872,1.382,0.27619,0
1226,5.8774,1,2,0.24822,1.3815,0.27207,0
1227,5.8822,1,2,0.24797,1.3814,0.26793,0
1228,5.887,1,2,0.24796,1.3818,0.26398,0
1229,5.8918,1,2,0.24818,1.3825,0.26042,0
1230,5.8966,1,2,0.2486,1.3835,0.25742,0
1231,5.9014,1,2,0.24918,1.3847,0.2551,0
1232,5.9062,1,2,0.24986,1.3861,0.25354,0
1233,5.911,1,2,0.25059,1.3876,0.25276,0
1234,5.9158,1,2,0.2513,1.3891,0.25277,0
1235,5.9206,1,2,0.25194,1.3905,0.25355,0
1236,5.9254,1,2,0.25246,1.3918,0.25505,0
1237,5.9302,1,2,0.25283,1.3929,0.25714,0
1238,5.935,1,2,0.25301,1.3938,0.25962,0
1239,5.9397,1,2,0.25302,1.3945,0.2622,0
1240,5.9445,1,2,0.25287,1.395,0.26456,0
1241,5.9493,1,2,0.25259,1.3953,0.26652,0
1242,5.9541,1,2,0.25221,1.3955,0.26803,0
1243,5.9589,1,2,0.2518,1.3954,0.26916,0
1244,5.9637,1,2,0.25137,1.3954,0.27003,0
1245,5.9685,1,2,0.25097,1.3952,0.27075,0
1246,5.9733,1,2,0.25064,1.3951,0.27143,0
1247,5.9781,1,2,0.25039,1.395,0.27215,0
1248,5.9829,1,2,0.25023,1.3949,0.27295,0
1249,5.9877,1,2,0.25017,1.3949,0.27386,0
1250,5.9925,1,2,0.2502,1.3949,0.27487,0
1251,5.9973,1,2,0.25031,1.395,0.276,0
1252,6.0021,1,2,0.25049,1.3951,0.27721,0
